true_label,recoil_energy_keV,s1_photons,s2_charge,event_id,log10_s2_s1,classification
Electronic Recoil,31.002642370466184,43.88470032263839,6232.245590912405,0,2.152331412178404,Sample_Category
Electronic Recoil,37.15247854188089,54.53410857014464,7454.139499881745,1,2.1357292897268447,Sample_Category
Electronic Recoil,22.469944883650143,37.47241398502511,4450.996389012345,2,2.074745559071788,Sample_Category
Electronic Recoil,49.63113351826249,76.55898511389277,9906.109631394193,3,2.111906956717521,Sample_Category
Electronic Recoil,40.21771663389205,58.09680517523732,8039.066935697656,4,2.141053386738399,Sample_Category
Electronic Recoil,29.21986460940054,47.99937476698861,5709.986842604318,5,2.0753995181855887,Sample_Category
Electronic Recoil,49.58394403561094,75.42790582908584,9903.9427563361,6,2.118276065610825,Sample_Category
Electronic Recoil,36.40248010792813,49.665937068494,7204.340184273163,7,2.1615355691466043,Sample_Category
Electronic Recoil,48.20215563657895,63.07041600757496,9687.092215058565,8,2.186367731551777,Sample_Category
Electronic Recoil,48.80266305973652,72.73272449344987,9750.387536216344,9,2.1272920153607062,Sample_Category
Electronic Recoil,6.5134451794622805,11.330244571851765,1274.6099096225364,10,2.0511379681091277,Sample_Category
Nuclear Recoil,3.550179594646475,6.283553720976602,177.92120419184127,11,1.4520223101783605,Sample_Category
Electronic Recoil,34.89571099360759,70.25927739794287,6790.242271264255,12,1.985181584923228,Sample_Category
Nuclear Recoil,10.348136844365673,19.65000832011198,517.59932072148,13,1.4206309378479385,Sample_Category
Electronic Recoil,18.833572658590903,26.79609602963232,3785.5752028182233,14,2.150060336534229,Sample_Category
Nuclear Recoil,4.558268119468615,9.370135521170395,227.7316929145142,15,1.3856775580030276,Sample_Category
Electronic Recoil,5.624388980977274,8.738989040069661,1107.8585978693934,16,2.1030230885337744,Sample_Category
Electronic Recoil,43.19738611741165,67.2976561603818,8599.75412093381,17,2.106486089028667,Sample_Category
Nuclear Recoil,2.126935472247122,4.345237707332812,106.79869560101362,18,1.3905523129106536,Sample_Category
Electronic Recoil,17.198310761681793,28.3457518899746,3408.2757829441466,19,2.08004673212425,Sample_Category
Electronic Recoil,20.36459944023604,33.47424630063605,4060.051525848343,20,2.0838207250406557,Sample_Category
Electronic Recoil,22.82530569750173,44.45684034500645,4576.294663047742,21,2.0125753776974253,Sample_Category
Electronic Recoil,37.0975560813783,64.33474002699843,7438.333935831531,22,2.063030114603022,Sample_Category
Electronic Recoil,32.06691281777942,39.60619924288408,6500.010371550551,23,2.215150870812269,Sample_Category
Electronic Recoil,49.71965353324036,71.12018858803508,9934.628861380848,24,2.1451587417058864,Sample_Category
Electronic Recoil,32.18083755012852,54.13402017655828,6420.504824083772,25,2.0740988881896194,Sample_Category
Nuclear Recoil,5.663461202054003,12.006339674757406,280.051518054363,26,1.3678272705956014,Sample_Category
Electronic Recoil,49.29987873869565,82.32797610795558,9838.658975735168,27,2.0773884630740485,Sample_Category
Electronic Recoil,30.777426331005955,47.354008467668734,6103.474269278027,28,2.1102203614632846,Sample_Category
Electronic Recoil,28.682466801678373,36.90703896590004,5751.473833560852,29,2.192669933254586,Sample_Category
Electronic Recoil,17.78483710423872,28.897112880451253,3495.257047964142,30,2.0826246507806694,Sample_Category
Electronic Recoil,27.360653379532707,44.293687036301606,5505.774412453514,31,2.094476570637054,Sample_Category
Electronic Recoil,25.272883350667957,41.83075385048034,5049.999935195927,32,2.0817956709856773,Sample_Category
Electronic Recoil,24.071700382101906,26.46295518142622,4870.149474739832,33,2.2649039332111847,Sample_Category
Electronic Recoil,44.59324988358782,64.54713188260558,8967.490909515267,34,2.142793989029878,Sample_Category
Electronic Recoil,16.824601349632935,27.0543034654221,3391.0362234017502,35,2.098096055901683,Sample_Category
Electronic Recoil,13.810354421753663,21.47331785192036,2806.440670251786,36,2.1162566926958912,Sample_Category
Electronic Recoil,32.26635015528552,50.964129403648,6408.225656188406,37,2.0994731781673197,Sample_Category
Nuclear Recoil,11.835059677631348,24.528610996608126,608.4319065875908,38,1.3945390079633997,Sample_Category
Electronic Recoil,29.29735967280414,47.490555151429874,5734.9032426074,39,2.081918839563125,Sample_Category
Electronic Recoil,8.308217003065925,15.77002857456171,1648.5600407119227,40,2.019272261286231,Sample_Category
Electronic Recoil,12.11356273351534,12.164065407190945,2427.2914973097827,41,2.300043152341277,Sample_Category
Nuclear Recoil,7.562168121273332,14.177943219356813,385.7441196672985,42,1.434686052107224,Sample_Category
Electronic Recoil,44.52966117430466,69.85745162067836,8855.265603065984,43,2.10298884704006,Sample_Category
Electronic Recoil,38.21993148267445,60.86815376340014,7674.725770110381,44,2.1006727302822394,Sample_Category
Electronic Recoil,28.104396789688067,36.99604031065099,5603.831831841686,45,2.1803298382112453,Sample_Category
Electronic Recoil,14.570756063454146,18.979227120844143,2896.112935845059,46,2.18353694777436,Sample_Category
Nuclear Recoil,3.1585876395444394,6.2122239664975565,159.040113391711,47,1.4082595047546926,Sample_Category
Electronic Recoil,14.999618979484554,21.86681358970482,2998.034613672044,48,2.137051120263537,Sample_Category
Nuclear Recoil,4.252374600897266,6.988550687949157,205.631876717766,49,1.4687032596790777,Sample_Category
Electronic Recoil,5.099717160538004,9.598605248199082,1010.877338043378,50,2.022490284510304,Sample_Category
Electronic Recoil,19.46451675245599,28.583430997075688,3915.7057018621904,51,2.1366956705072546,Sample_Category
Electronic Recoil,43.42867963807449,71.7512150191514,8754.72284513875,52,2.086413136131415,Sample_Category
Electronic Recoil,33.78523603092016,58.20408237707562,6708.693170744664,53,2.06168447530486,Sample_Category
Electronic Recoil,40.52575011400659,76.78249275664213,8032.741478200966,54,2.019601577012085,Sample_Category
Electronic Recoil,37.28332829060447,59.3089222590515,7600.343532164972,55,2.1077131831195035,Sample_Category
Electronic Recoil,45.22720628243866,73.12847771181605,9068.358422797664,56,2.0934421382248867,Sample_Category
Electronic Recoil,2.9297384408606835,3.921613003602295,568.523127462295,57,2.161283292478758,Sample_Category
Nuclear Recoil,8.34629039310725,17.60263633096147,416.5102355993445,58,1.374047938307616,Sample_Category
Nuclear Recoil,17.306557864173286,34.327521274333016,871.4015435791034,59,1.40457586777458,Sample_Category
Electronic Recoil,2.9414854453788277,8.262084234328885,563.005396225297,60,1.833422887230091,Sample_Category
Electronic Recoil,34.023003304594184,51.51768130975895,6791.91480023015,61,2.1200359127731363,Sample_Category
Electronic Recoil,40.766244524351535,58.860579729281945,8137.389645405829,62,2.140660569404069,Sample_Category
Electronic Recoil,8.625826233213923,12.735793134620875,1752.49744943082,63,2.138631364440819,Sample_Category
Electronic Recoil,20.44020313230692,26.227373481221854,4133.552475157937,64,2.19756863817921,Sample_Category
Electronic Recoil,48.43248784202928,79.25003412529955,9748.55050588825,65,2.0899405827142394,Sample_Category
Electronic Recoil,26.75241608696758,34.38980532117423,5383.44920882293,66,2.1946308901148943,Sample_Category
Electronic Recoil,31.060641982684245,52.04540039219184,6141.018873522069,67,2.0718580698805598,Sample_Category
Electronic Recoil,27.187152840072898,37.05049765013675,5417.382044392643,68,2.16499540666757,Sample_Category
Electronic Recoil,40.648124982888056,59.98798826680122,8068.951729501704,69,2.1287528123741555,Sample_Category
Electronic Recoil,36.280679627941446,58.63876271440091,7272.227374220948,70,2.0934826437171843,Sample_Category
Nuclear Recoil,11.13121343903664,23.598480529896364,561.944529978853,71,1.3768093901652465,Sample_Category
Electronic Recoil,44.1634140862657,57.37524459728263,8972.578398382324,72,2.194192704175376,Sample_Category
Nuclear Recoil,10.352818963862722,20.336218653916223,530.5347032141102,73,1.416443573854587,Sample_Category
Electronic Recoil,43.54031499613369,57.4961256298098,8781.894534401716,74,2.1839496288749745,Sample_Category
Electronic Recoil,31.77644306479387,48.41645236657957,6367.974748709283,75,2.119008359618729,Sample_Category
Electronic Recoil,16.764400974216443,26.57762811304252,3296.2897116743216,76,2.093509138465548,Sample_Category
Electronic Recoil,18.17323291518652,26.1195696163384,3586.484084919145,77,2.137702874880517,Sample_Category
Electronic Recoil,27.165604578404444,36.349352334862914,5431.118088174077,78,2.1743925567462887,Sample_Category
Electronic Recoil,4.243617778353217,4.257222657433456,861.4570204576676,79,2.3061071482807933,Sample_Category
Electronic Recoil,2.474845224282328,2.897531324519495,490.7003022038296,80,2.2287880367323862,Sample_Category
Nuclear Recoil,5.584538622134268,11.990058144863609,277.61329046678065,81,1.3646189298688085,Sample_Category
Electronic Recoil,34.648352393656666,46.70178282081643,6912.487051818772,82,2.1703008616839767,Sample_Category
Electronic Recoil,26.49066450515873,44.82317234669691,5322.396252171071,83,2.074604604667349,Sample_Category
Electronic Recoil,32.62698711931098,56.80600190581684,6549.050521931836,84,2.0617841091437463,Sample_Category
Electronic Recoil,41.56772762040266,63.44267956801217,8325.938481854871,85,2.1180516733037043,Sample_Category
Electronic Recoil,43.94898953387049,60.18545527343513,8841.304557606829,86,2.1670247937606533,Sample_Category
Nuclear Recoil,5.933845177034188,15.579632301744963,286.1726362648262,87,1.2640708743726088,Sample_Category
Nuclear Recoil,2.046775577726893,5.245549281580818,96.0740246136126,88,1.2628149341834007,Sample_Category
Electronic Recoil,31.93687360203745,42.96567796465426,6415.038183490605,89,2.174077566670864,Sample_Category
Electronic Recoil,44.18106585596757,57.00164043280716,8863.347018059547,90,2.19171039129868,Sample_Category
Electronic Recoil,29.072430180382376,45.47291302171755,5799.6337587217095,91,2.105647783417658,Sample_Category
Electronic Recoil,25.350700199826065,40.21351152476136,5041.808608946854,92,2.098214346549792,Sample_Category
Electronic Recoil,40.65357561680306,56.45796977042344,8184.421099634629,93,2.161262701828885,Sample_Category
Electronic Recoil,47.03342896666899,58.665940630467205,9492.512389632157,94,2.2089951268974626,Sample_Category
Electronic Recoil,23.04498428868885,30.12962996413277,4655.076467416817,95,2.188933007132811,Sample_Category
Electronic Recoil,47.19385447032447,67.60161988911727,9491.350360321976,96,2.1473708959524545,Sample_Category
Electronic Recoil,15.785876885318578,20.756337018650683,3176.591771651349,97,2.184810672143815,Sample_Category
Electronic Recoil,46.64074013256081,74.87379434199576,9283.216389510246,98,2.093368625905259,Sample_Category
Electronic Recoil,9.348679153927572,12.927869072821215,1915.4796590194253,99,2.170750565960501,Sample_Category
Electronic Recoil,45.60803762696243,66.38460610044936,9144.706147287248,100,2.1391023654082097,Sample_Category
Electronic Recoil,44.572954650167006,72.21872159818602,8898.327612202871,101,2.0906585889202325,Sample_Category
Electronic Recoil,34.138535510373,44.69978685640273,6920.703460504097,102,2.1898447789865614,Sample_Category
Electronic Recoil,38.41320914337423,67.40863493478876,7688.480353662549,103,2.0571249700605185,Sample_Category
Electronic Recoil,3.444057923453069,4.243772935180529,690.3911271650884,104,2.211342960781988,Sample_Category
Electronic Recoil,29.064553215213365,37.1320902721825,5790.922758888762,105,2.1929983629974563,Sample_Category
Electronic Recoil,6.544641221222056,5.4494044181374655,1254.86727446562,106,2.3622486746691123,Sample_Category
Nuclear Recoil,9.181186789973882,18.059652982011954,460.97717475974304,107,1.4069699977200958,Sample_Category
Electronic Recoil,43.81142775090593,74.09474623510562,8747.80355058929,108,2.072111600742941,Sample_Category
Electronic Recoil,27.372029560691168,38.79195555917519,5416.322912059202,109,2.1449628636684817,Sample_Category
Electronic Recoil,47.29546819891669,64.04261206840506,9502.569442675618,110,2.171372008356649,Sample_Category
Nuclear Recoil,19.13870863240822,40.44805385338397,920.0913695854736,111,1.3569333162985997,Sample_Category
Electronic Recoil,12.652166412493214,19.7329485449288,2561.7897747636434,112,2.113351482584935,Sample_Category
Nuclear Recoil,4.022594900057718,6.8562467985503694,202.59135913571183,113,1.470534414695768,Sample_Category
Electronic Recoil,15.499878009364854,21.857939924252257,3106.171465632787,114,2.152616178090398,Sample_Category
Electronic Recoil,6.193944993041091,9.026698698122068,1248.8080973398164,115,2.140966711887657,Sample_Category
Electronic Recoil,29.226011412546853,37.80625784304062,5937.004352983369,116,2.1960036639872587,Sample_Category
Nuclear Recoil,2.3395585825667182,4.054274927509081,122.76579614134812,117,1.481164085378263,Sample_Category
Electronic Recoil,38.78810852696586,57.27073675108476,7712.13242353808,118,2.1292417005510704,Sample_Category
Electronic Recoil,10.413935964438023,14.413602050617596,2118.364501746985,119,2.16722813292943,Sample_Category
Electronic Recoil,5.043754008305845,7.089900876454808,1026.4296336007624,120,2.1606889576652004,Sample_Category
Electronic Recoil,32.850658299874056,43.20994902467287,6546.83715151148,121,2.1804477742988766,Sample_Category
Electronic Recoil,46.012566450492415,67.33653216737214,9190.08767912157,122,2.135068901987255,Sample_Category
Electronic Recoil,18.438344704419613,24.398010779635676,3681.5711934192345,123,2.178678766649978,Sample_Category
Electronic Recoil,25.686530665579223,41.17370716614578,5132.269821854982,124,2.0956894988344543,Sample_Category
Electronic Recoil,7.589548850244302,10.942857674664683,1474.1585439507207,125,2.1294134037586105,Sample_Category
Electronic Recoil,33.137189144944145,46.72212605833534,6630.554916610101,126,2.152027270332599,Sample_Category
Electronic Recoil,18.600710935256387,33.73700695976177,3697.853848042959,127,2.039843178855492,Sample_Category
Electronic Recoil,32.4149010442184,47.27819847354566,6519.94724784044,128,2.1395831533163574,Sample_Category
Electronic Recoil,5.313949791049067,6.44780252226643,1075.9818143930163,129,2.2223931364486784,Sample_Category
Electronic Recoil,41.322152582081934,56.959828520923125,8261.67117589359,130,2.1614992248121565,Sample_Category
Electronic Recoil,10.857772636436298,14.32030057391822,2145.7200846238984,131,2.175620902602041,Sample_Category
Electronic Recoil,19.326071433751924,35.335646342455924,3782.841025240409,132,2.029605038548711,Sample_Category
Electronic Recoil,11.376348883824306,17.943523674209498,2292.8345962731337,133,2.106464970080838,Sample_Category
Electronic Recoil,44.81379931745972,69.83050519015904,8959.822559749175,134,2.1082542188478905,Sample_Category
Nuclear Recoil,7.763776375862442,13.696937061185237,411.446184775832,135,1.477689548798698,Sample_Category
Electronic Recoil,20.403482777336777,33.40768913928782,4000.550021115912,136,2.0782732562485435,Sample_Category
Electronic Recoil,25.641715855834523,33.828238592207235,5142.214145586666,137,2.1818707609310297,Sample_Category
Electronic Recoil,37.64545475000214,54.20099086129723,7573.056362767335,138,2.145263955082527,Sample_Category
Electronic Recoil,13.597797789413804,18.712639138222038,2773.218262288138,139,2.1708489858455757,Sample_Category
Electronic Recoil,4.71697714475942,4.611973209810016,910.39391035989,140,2.2953424744828257,Sample_Category
Electronic Recoil,12.814346637683132,18.25668753668729,2548.4081808636706,141,2.1448469842898983,Sample_Category
Electronic Recoil,14.600816129396478,25.67334627677769,2925.679256597171,142,2.056744217230639,Sample_Category
Nuclear Recoil,5.257264618756583,10.417523192248316,253.84852101323983,143,1.3868101214702908,Sample_Category
Nuclear Recoil,9.884418424192988,19.33462535885992,513.3566721358965,144,1.424083428038466,Sample_Category
Electronic Recoil,27.05772230229342,42.68930199902034,5442.589937518619,145,2.1054865504600677,Sample_Category
Electronic Recoil,20.545260740695504,35.898293294399906,4041.310240683893,146,2.0514483778783714,Sample_Category
Electronic Recoil,7.800236963912866,11.463576357708774,1539.30352696624,147,2.1280040987487667,Sample_Category
Electronic Recoil,7.780401438718355,14.02926018441875,1550.9552424915023,148,2.043564464783153,Sample_Category
Electronic Recoil,35.295928404887604,59.57321110952908,6939.366004395398,149,2.06626877691982,Sample_Category
Nuclear Recoil,2.3549964533821908,5.752941252877062,108.05831355881558,150,1.2737681746731284,Sample_Category
Electronic Recoil,37.36757108913402,51.35456440206194,7619.174453565896,151,2.1713288593623474,Sample_Category
Electronic Recoil,27.621880038358007,43.047217179362434,5506.393061198107,152,2.106922117871623,Sample_Category
Nuclear Recoil,4.508665691670172,11.628665065006816,220.7388911889514,153,1.2783489593829969,Sample_Category
Electronic Recoil,9.443860393788013,18.547800504376312,1851.4298964106329,154,1.9992148330611963,Sample_Category
Electronic Recoil,30.117506277239706,44.4594093092852,5970.24430074566,155,2.1280284046719893,Sample_Category
Electronic Recoil,9.625603841307418,20.6576559923785,1887.5925662749537,156,1.960827196607146,Sample_Category
Electronic Recoil,47.34307005480403,75.35997745021147,9483.500033795688,157,2.0998278845349088,Sample_Category
Electronic Recoil,40.613556127465166,70.32348254193404,7994.525969576046,158,2.0556923418831863,Sample_Category
Electronic Recoil,20.69172389890289,28.814239455319168,4128.747746424911,159,2.156211173709712,Sample_Category
Electronic Recoil,23.40582683813699,29.572820853087343,4690.549028470601,160,2.2003309128302293,Sample_Category
Electronic Recoil,14.689634110625086,17.2064428723589,2997.2892072268723,161,2.2410375278652195,Sample_Category
Electronic Recoil,43.829413455281646,63.5783516202861,8822.686255075854,162,2.142291564823382,Sample_Category
Electronic Recoil,15.626658685909186,19.008574668042908,3089.363953108788,163,2.2109194990496994,Sample_Category
Nuclear Recoil,4.715832324806087,8.752698951380241,231.5249116951438,164,1.4224556883004853,Sample_Category
Nuclear Recoil,9.980854762888653,20.529910269715277,502.359843067992,165,1.3886278446081433,Sample_Category
Electronic Recoil,23.135506919075,41.39283201230644,4631.091879510227,166,2.048758246005615,Sample_Category
Nuclear Recoil,3.319752775262487,7.354964151348768,168.4205700397182,167,1.359814516188844,Sample_Category
Nuclear Recoil,17.319689238698597,31.12949105527116,904.9284995713288,168,1.4634422321702265,Sample_Category
Electronic Recoil,40.78800833758669,57.94968167873312,8135.105917819816,169,2.1473121496165577,Sample_Category
Nuclear Recoil,5.2756217179149205,10.87817309885919,268.0977533296034,170,1.3917371710463509,Sample_Category
Electronic Recoil,29.03869034065358,42.21969869238576,5782.988774740011,171,2.1366372095205777,Sample_Category
Electronic Recoil,33.00902714396636,44.77185362259616,6682.314986350746,172,2.173921858417482,Sample_Category
Electronic Recoil,9.50018472283854,15.997702444710496,1929.0342486556128,173,2.081282296681449,Sample_Category
Electronic Recoil,30.410742882207607,46.48689035412501,6159.507505541712,174,2.12221548357776,Sample_Category
Electronic Recoil,4.381478398363532,5.73805786025896,861.4460084373559,175,2.1764630646467262,Sample_Category
Electronic Recoil,10.450429844854876,15.87088465095301,2053.329808001699,176,2.111857549440323,Sample_Category
Electronic Recoil,34.92517738887665,58.510503735845695,6892.539787834484,177,2.0711454373228797,Sample_Category
Electronic Recoil,36.05578436880116,50.90864038292167,7310.947604525015,178,2.157182164490153,Sample_Category
Nuclear Recoil,2.0265513606985857,2.466496950904556,103.85414600826128,179,1.6243430840661384,Sample_Category
Electronic Recoil,36.549286781965954,52.21764395065137,7316.483749878035,180,2.146485131444489,Sample_Category
Nuclear Recoil,2.9326232661703746,5.706249362584829,150.61870741631105,181,1.4215280966504291,Sample_Category
Electronic Recoil,29.721396243825232,36.87789659657505,6052.4313960882055,182,2.2151637214901583,Sample_Category
Electronic Recoil,4.075042910185591,6.048501296367414,820.7463898732356,183,2.1325611317835067,Sample_Category
Electronic Recoil,4.680290798495266,5.647070465593111,949.987529642601,184,2.225894620943955,Sample_Category
Electronic Recoil,25.676690060819737,45.97954925368398,5125.324987521016,185,2.0471566895799627,Sample_Category
Electronic Recoil,9.240253431112423,16.404096724073504,1852.2386706354412,186,2.052744599456301,Sample_Category
Electronic Recoil,49.75155198104298,72.43172336826579,9943.528669379344,187,2.13761170579537,Sample_Category
Nuclear Recoil,17.274320727647748,34.70204429409378,863.096266308254,188,1.395704166085232,Sample_Category
Electronic Recoil,27.57390804762701,44.95145076297962,5545.9845578237855,189,2.091234933701646,Sample_Category
Electronic Recoil,16.37220548240606,21.757979118054948,3256.4247278992907,190,2.1751224684922663,Sample_Category
Electronic Recoil,41.840156418090224,74.3692496789864,8349.507704188369,191,2.050267464132264,Sample_Category
Electronic Recoil,31.17404525886665,53.34721477308623,6084.2628301521645,192,2.057096208433116,Sample_Category
Nuclear Recoil,10.773656435538449,23.106455156329364,537.2064079384203,193,1.3664078424943282,Sample_Category
Electronic Recoil,18.148422056595354,31.33334733915924,3689.5292954116608,194,2.0709641563075167,Sample_Category
Electronic Recoil,16.19150688550618,18.26706273962172,3238.50359497048,195,2.248675639453168,Sample_Category
Electronic Recoil,25.563975013252545,38.453347370414704,5108.920260682029,196,2.123394961926757,Sample_Category
Electronic Recoil,48.27582897226232,70.64741821806109,9783.97496435612,197,2.1414190312812145,Sample_Category
Nuclear Recoil,11.109183044522434,22.175910463392896,529.2373645397869,198,1.3777690198937071,Sample_Category
Nuclear Recoil,10.743373706018604,21.361026243475788,538.9887383512652,199,1.401957558012753,Sample_Category
Electronic Recoil,32.64290069110643,45.59923723793472,6493.584175956736,200,2.153526887125943,Sample_Category
Electronic Recoil,13.390680104248572,27.73292905875674,2645.57637663938,201,1.979524547722348,Sample_Category
Electronic Recoil,9.067779136906983,12.070596953354707,1837.931090938837,202,2.182600439991287,Sample_Category
Electronic Recoil,27.58698190701808,44.65596787257976,5490.470220023751,203,2.0897300239592957,Sample_Category
Electronic Recoil,35.544321230750484,53.29475599952092,7137.206119858305,204,2.126843752902901,Sample_Category
Electronic Recoil,48.59776041540344,71.19805360900993,9796.431416704538,205,2.138599775156236,Sample_Category
Electronic Recoil,48.29535756337951,79.54702694459344,9609.364233930904,206,2.0820706971956784,Sample_Category
Nuclear Recoil,9.657969416545562,20.443401118201283,472.0139860102137,207,1.3634016968886042,Sample_Category
Nuclear Recoil,5.777450646511373,12.2445598891551,291.02892970969594,208,1.3759929484366855,Sample_Category
Electronic Recoil,36.48056697758247,44.56873583361127,7316.356861124685,209,2.2152645549454117,Sample_Category
Electronic Recoil,43.48461602424224,65.91460540213296,8726.6030856077,210,2.121863560228945,Sample_Category
Electronic Recoil,40.3859566460386,57.29194889857779,8117.409082915095,211,2.151323829703894,Sample_Category
Nuclear Recoil,16.794240399841406,38.670343401080544,839.7381902430488,212,1.3367658653716648,Sample_Category
Electronic Recoil,49.70269072419213,84.23201609258452,9823.143326553814,213,2.066773279991857,Sample_Category
Nuclear Recoil,2.0244492744427363,5.043913048856814,98.28765359058268,214,1.2897312944089052,Sample_Category
Electronic Recoil,22.97892312241811,29.330773621261283,4688.800663021728,215,2.2037382370950755,Sample_Category
Electronic Recoil,15.444290014904242,24.252858442232352,3096.196708880151,216,2.10606559499303,Sample_Category
Electronic Recoil,31.068063179392063,52.48443468617837,6177.492994748253,217,2.0707817296367885,Sample_Category
Electronic Recoil,44.766203085858926,66.1530344402793,8912.031382161542,218,2.129426930536046,Sample_Category
Nuclear Recoil,3.5160284959090675,7.845727201046654,171.74949650738387,219,1.340262216281081,Sample_Category
Electronic Recoil,29.760555656140006,43.55382057223,5956.727216683289,220,2.1359814448681984,Sample_Category
Electronic Recoil,24.544608667073945,38.22849725419408,4851.1051891802745,221,2.1034534540781293,Sample_Category
Nuclear Recoil,3.1668280149324746,5.043885379465504,164.01125869239686,222,1.5121083693073307,Sample_Category
Nuclear Recoil,5.804022306372483,10.3830779325013,287.6979071582977,223,1.44261054861439,Sample_Category
Electronic Recoil,7.104866809981187,9.027051153101592,1445.829878794393,224,2.204571244145732,Sample_Category
Electronic Recoil,45.41587927267989,73.9590404230748,9114.575651744108,225,2.0907451803462007,Sample_Category
Electronic Recoil,44.62411980123288,74.603209729343,8918.352035333299,226,2.0775270925795484,Sample_Category
Electronic Recoil,34.13368679857293,58.65865847507633,6768.355955253291,227,2.062151056881578,Sample_Category
Electronic Recoil,29.27754077320136,50.2704281033682,5819.510039506365,228,2.063573829483142,Sample_Category
Electronic Recoil,4.958281846666189,10.35653833268174,971.8653911927556,229,1.9723914584135631,Sample_Category
Electronic Recoil,25.183388495885183,44.69459320954467,5009.769113165825,230,2.0495627123542466,Sample_Category
Nuclear Recoil,5.157274772972635,9.16817424469089,267.9241905106868,231,1.465729022851616,Sample_Category
Nuclear Recoil,8.163630170427002,17.535684016173956,403.8098395974483,232,1.362254162343593,Sample_Category
Electronic Recoil,48.922111658463095,74.67737472995418,9882.163512694726,233,2.12166298778506,Sample_Category
Electronic Recoil,12.32839818063031,16.023562524434524,2538.283221932893,234,2.199780972825735,Sample_Category
Electronic Recoil,18.14822458066156,23.772707447315337,3612.383421047785,235,2.181715176414716,Sample_Category
Nuclear Recoil,4.01259232712046,8.969572888342283,190.20174531515823,236,1.3264426882525204,Sample_Category
Nuclear Recoil,3.4917974074465548,6.338495133512586,171.90229279601525,237,1.4332954420345454,Sample_Category
Nuclear Recoil,12.00493988456364,18.69055159292877,608.3476939411973,238,1.5125297251874978,Sample_Category
Nuclear Recoil,12.69917182752401,23.914577029500105,637.0104714417893,239,1.4254838499983042,Sample_Category
Electronic Recoil,15.400499324539668,21.3818037782092,3041.6145869377083,240,2.1530598224534248,Sample_Category
Electronic Recoil,18.900540370251527,23.04125769260733,3824.2085230693615,241,2.2200353652509466,Sample_Category
Electronic Recoil,41.3771388545888,61.07722709742111,8304.368621616575,242,2.133427299831745,Sample_Category
Electronic Recoil,4.991964785399453,7.690634271848855,1002.150994805426,243,2.1149709469138047,Sample_Category
Nuclear Recoil,10.897445238802932,23.158900585504508,527.9029161066911,244,1.357836104663608,Sample_Category
Electronic Recoil,28.9994499159831,32.227217841437536,5863.19667055522,245,2.2599116339478,Sample_Category
Electronic Recoil,6.685449503642582,9.328490154743328,1349.9456015801834,246,2.16050486444111,Sample_Category
Nuclear Recoil,7.325639646974029,10.531935004076562,382.1500053180724,247,1.559725659592399,Sample_Category
Electronic Recoil,21.56681349339768,36.49710323900821,4307.029356677772,248,2.071919424082836,Sample_Category
Electronic Recoil,11.447177755907324,20.89015603268929,2282.61482672032,249,2.0384909294755933,Sample_Category
Nuclear Recoil,8.403618441699344,15.019407275037407,433.6040545246861,250,1.4604405125803874,Sample_Category
Electronic Recoil,38.37611365325526,58.21546840886715,7711.504946390476,251,2.1221007378915715,Sample_Category
Electronic Recoil,21.525806044778577,25.41494698284552,4249.314155014252,252,2.223229614936052,Sample_Category
Electronic Recoil,9.18710096005031,17.479817404923782,1809.7524727008752,253,2.015082262421121,Sample_Category
Electronic Recoil,18.963641192331757,31.349917522317583,3822.625605290256,254,2.0861253481988538,Sample_Category
Electronic Recoil,47.53401338656263,70.40467332381928,9558.245076835892,255,2.132776667957965,Sample_Category
Electronic Recoil,9.24110188656958,10.689475990427448,1844.897114121943,256,2.2370156949744304,Sample_Category
Nuclear Recoil,4.262853268882382,9.233915013832943,200.43783456294125,257,1.3365937841963889,Sample_Category
Electronic Recoil,24.99191480018183,43.79809871900375,5018.092834555108,258,2.0590834235225075,Sample_Category
Electronic Recoil,34.85368211737234,51.48031693098415,7015.425643526329,259,2.134412805618,Sample_Category
Electronic Recoil,38.45670447450944,60.44633526163385,7496.853093416229,260,2.0935090178655056,Sample_Category
Nuclear Recoil,5.400918742465397,11.820878807053536,275.2775252038936,261,1.3671209553061554,Sample_Category
Electronic Recoil,12.02483865127119,16.578382763760217,2416.108634379767,262,2.163574268893343,Sample_Category
Electronic Recoil,6.872006972181735,11.998035285483148,1357.7847403906449,263,2.053720752786784,Sample_Category
Electronic Recoil,46.62527147861066,70.6160943211287,9317.857596499474,264,2.120412369136314,Sample_Category
Electronic Recoil,9.45648796204268,12.416380778434483,1952.2540771519805,265,2.1965412809296785,Sample_Category
Electronic Recoil,22.484850118375384,33.603230955119265,4516.727906724743,266,2.1284428792150627,Sample_Category
Electronic Recoil,31.65674684494381,48.08114677785389,6385.599327741064,267,2.1232268383285438,Sample_Category
Nuclear Recoil,3.4888796082160294,4.875120145091776,178.27133547534848,268,1.5630961081035015,Sample_Category
Electronic Recoil,5.051709869574433,5.450723382130617,1008.4951467637636,269,2.2672195906816324,Sample_Category
Electronic Recoil,6.333473075823404,9.757057861925384,1269.1000759198002,270,2.114176945443073,Sample_Category
Electronic Recoil,6.226103239973851,9.326331231444357,1254.6403415510283,271,2.1288083657796504,Sample_Category
Electronic Recoil,45.33560481944744,57.11011383501664,9201.35195272578,272,2.2071386094490624,Sample_Category
Electronic Recoil,24.977878381787683,42.30802557133382,5023.238397209112,273,2.074561021421998,Sample_Category
Electronic Recoil,42.46751628199111,63.4092194172118,8491.975120008703,274,2.126856299341534,Sample_Category
Electronic Recoil,20.08395800371373,28.173915331812424,4130.305832248389,275,2.1661349901397973,Sample_Category
Nuclear Recoil,8.622987549685956,16.23447088956723,437.8150557444287,276,1.4308525276479247,Sample_Category
Electronic Recoil,41.29405362486452,62.55915043022303,8169.061416136411,277,2.115881312010924,Sample_Category
Electronic Recoil,19.25099305685241,31.600526325186404,3853.606171255936,278,2.0861729990594093,Sample_Category
Electronic Recoil,31.891552954979964,42.69169237606596,6398.533742242372,279,2.1757370830431246,Sample_Category
Nuclear Recoil,18.36594927429384,41.262045046548415,896.9188332087385,280,1.3372023843899108,Sample_Category
Electronic Recoil,12.685743028433505,24.52922255429346,2511.589275483429,281,2.010264818812716,Sample_Category
Nuclear Recoil,7.828531200419061,13.597268861124707,384.5532934183325,282,1.4515048192986195,Sample_Category
Electronic Recoil,4.6968038653649735,10.143051779437378,922.1818601659312,283,1.9586478902771591,Sample_Category
Electronic Recoil,8.197589095408562,11.489614468900813,1682.0641644108182,284,2.165537064643924,Sample_Category
Nuclear Recoil,7.120629639484532,14.179518237900854,362.49440347884325,285,1.4076398009463824,Sample_Category
Electronic Recoil,24.92521362291348,37.24722711655987,5019.914958002521,286,2.129602401208064,Sample_Category
Electronic Recoil,32.34765053095717,47.86745935730224,6439.033048107093,287,2.1287802678805825,Sample_Category
Nuclear Recoil,4.3518294555426245,8.06105759742757,214.0208756411734,288,1.424064060482807,Sample_Category
Electronic Recoil,4.101681201282661,6.883028304279993,789.3891757113624,289,2.0595115489504643,Sample_Category
Electronic Recoil,29.22524007951556,40.80729149603383,5858.076072253023,290,2.157017226223229,Sample_Category
Electronic Recoil,3.2849397026115934,5.169668011927445,668.8040907218408,291,2.1118361831600576,Sample_Category
Electronic Recoil,16.3099826252012,21.034812882635453,3308.342722146765,292,2.1966718196367463,Sample_Category
Electronic Recoil,29.01177526206498,45.73104780982835,5824.77222416806,293,2.1050677854224875,Sample_Category
Electronic Recoil,14.303260483171885,22.393026389555384,2865.8399403261674,294,2.1071391198657787,Sample_Category
Electronic Recoil,2.2117941000150214,4.4320127514339225,406.5660343580034,295,1.9625299955031232,Sample_Category
Electronic Recoil,46.61308557465984,68.2290241770371,9246.460920466416,296,2.1320063721983997,Sample_Category
Electronic Recoil,30.481946389901587,39.32748159251837,6150.266108704574,297,2.194197759736165,Sample_Category
Electronic Recoil,11.269278080178434,15.913486906191103,2286.869267497884,298,2.1574759599602573,Sample_Category
Electronic Recoil,28.041246357975787,37.53494903131572,5577.734535444788,299,2.1720219988099823,Sample_Category
Electronic Recoil,16.91932329673441,31.75553353430588,3341.6339370714427,300,2.0221394455057604,Sample_Category
Electronic Recoil,42.35377881340834,67.4160694051973,8436.076687940706,301,2.0973770846159576,Sample_Category
Nuclear Recoil,7.071472483117676,12.162223460967317,361.1167353385604,302,1.472634602422798,Sample_Category
Electronic Recoil,48.74297640848988,72.08835399439123,9852.625959530807,303,2.1356868804531026,Sample_Category
Electronic Recoil,41.83373060179906,65.41117878009668,8451.434137767914,304,2.111278429102363,Sample_Category
Electronic Recoil,41.30937170091276,73.16303342363744,8231.935178704547,305,2.051210232562469,Sample_Category
Electronic Recoil,10.783695441778637,18.119721753710085,2078.362181538904,306,2.059569683127868,Sample_Category
Nuclear Recoil,3.811530433042617,7.459917035236613,199.3263980027971,307,1.4268307651868035,Sample_Category
Electronic Recoil,43.33877398324693,60.92834540096956,8616.079920371492,308,2.1504903272486326,Sample_Category
Electronic Recoil,3.095685924870109,3.288422434218876,634.7734329902131,309,2.2856310082844478,Sample_Category
Electronic Recoil,42.19202546171954,66.69319627427444,8474.948993187138,310,2.104055555105061,Sample_Category
Electronic Recoil,25.431021821554232,44.80321237010843,4947.226250677867,311,2.0430526088974186,Sample_Category
Electronic Recoil,7.815747712889346,9.05047856001541,1609.2287704288854,312,2.249946196842333,Sample_Category
Nuclear Recoil,4.164604050778669,5.697946104550416,226.38878599828175,313,1.5991364992509038,Sample_Category
Nuclear Recoil,2.064308427389552,4.67101354032506,106.85138262958311,314,1.3593689310624182,Sample_Category
Electronic Recoil,43.57773396893031,81.66841973610249,8607.96712037738,315,2.0228464420170336,Sample_Category
Electronic Recoil,13.610420382869952,21.919210361223627,2685.0785530195712,316,2.0881320713732685,Sample_Category
Nuclear Recoil,5.062400295450021,12.116646110698872,252.52573803210825,317,1.3189231912357215,Sample_Category
Nuclear Recoil,2.267804316232328,6.048782170595007,108.7159485337142,318,1.2546252466446752,Sample_Category
Electronic Recoil,38.79408656233984,65.43748367863881,7727.415237328277,319,2.072207652666387,Sample_Category
Nuclear Recoil,3.6127346496615074,8.43491499943342,175.22685337717965,320,1.3175199027477635,Sample_Category
Electronic Recoil,30.014610362551856,50.76421063338696,6059.613383376371,321,2.07688727018858,Sample_Category
Electronic Recoil,6.684153198595229,7.353460271120463,1362.8540363445495,322,2.267957535631847,Sample_Category
Electronic Recoil,22.6808396265223,39.1941821762045,4453.968974903911,323,2.0555255696410164,Sample_Category
Electronic Recoil,25.579726609711457,42.20304130734656,5143.26887622567,324,2.085895469495573,Sample_Category
Electronic Recoil,25.498604192371687,37.92031187789674,5069.666279545243,325,2.126107460082331,Sample_Category
Electronic Recoil,32.29086227181794,50.93234683160793,6423.4287832347545,326,2.1007732171778275,Sample_Category
Electronic Recoil,42.89320837849071,70.54237893709808,8555.304179142797,327,2.0837853476320687,Sample_Category
Nuclear Recoil,6.605403057106414,11.36054325122346,339.32038922337614,328,1.4752108200934275,Sample_Category
Electronic Recoil,6.988424093281852,11.049620968373585,1357.94635968123,329,2.0895351953958685,Sample_Category
Electronic Recoil,43.70271542195045,78.26482285597943,8714.050304334929,330,2.04665345059552,Sample_Category
Electronic Recoil,27.330542882653408,41.8167182200664,5448.476203354085,331,2.114925101768478,Sample_Category
Nuclear Recoil,6.157055873905757,9.46093442154756,306.8350239069186,332,1.5109708542952789,Sample_Category
Electronic Recoil,9.948080839288734,13.147389411142036,2036.1279803340476,333,2.1899655127319955,Sample_Category
Electronic Recoil,3.965600444078701,5.86254329977342,804.4748772551727,334,2.137426349271261,Sample_Category
Electronic Recoil,17.598521182638827,28.34652419566864,3442.489091189033,335,2.084372743496257,Sample_Category
Electronic Recoil,14.93567774813246,21.142166719722177,3073.72810852958,336,2.162515935060192,Sample_Category
Electronic Recoil,31.218760286867845,46.699915275120006,6244.300446476825,337,2.126167689226184,Sample_Category
Nuclear Recoil,2.4947709777532032,5.637939011505329,122.798477481379,338,1.3380725351647764,Sample_Category
Nuclear Recoil,3.509917647852314,6.3802456078555405,174.59428002168036,339,1.4371925486338315,Sample_Category
Electronic Recoil,49.49627892779341,61.25502601089904,9909.607942203547,340,2.2089147369960096,Sample_Category
Electronic Recoil,36.80066214607779,58.58655567506956,7270.708898012009,341,2.0937787830875583,Sample_Category
Electronic Recoil,19.31956507898324,21.228920502990576,3912.893240798123,342,2.2655700677225727,Sample_Category
Electronic Recoil,15.221307411275047,21.98652291598953,3027.4052471575665,343,2.138913986920474,Sample_Category
Electronic Recoil,29.38855836568939,47.70833496202955,5847.226740275885,344,2.088355666157212,Sample_Category
Electronic Recoil,15.39167244086198,24.103876125655813,3124.497262812322,345,2.112693243915035,Sample_Category
Electronic Recoil,24.436332257993897,30.21572479260716,4839.801273631693,346,2.204594498978886,Sample_Category
Electronic Recoil,11.716195355543674,14.45321648848252,2398.670429456103,347,2.22000604352746,Sample_Category
Nuclear Recoil,4.044095031896641,7.195055656939064,201.8062195815234,348,1.4479003309239744,Sample_Category
Nuclear Recoil,3.708146802285629,8.245073487391158,192.3768007905717,349,1.3679581169491426,Sample_Category
Nuclear Recoil,3.454140981297577,4.97766329776302,176.66316557893856,350,1.5501204069391752,Sample_Category
Electronic Recoil,19.180900738412934,32.03203358405216,3797.352903291901,351,2.073896435169675,Sample_Category
Electronic Recoil,31.415459246368705,49.1330145691414,6161.489873144248,352,2.0983123190491004,Sample_Category
Electronic Recoil,32.10526642236408,58.135481667382095,6424.3793204308295,353,2.043389893008451,Sample_Category
Electronic Recoil,21.82385973884652,33.247535862711075,4369.103186587308,354,2.1186328256008844,Sample_Category
Nuclear Recoil,9.035075118407194,16.363074374596973,458.66541261128185,355,1.4476310617881962,Sample_Category
Nuclear Recoil,2.0898285598199258,3.5176725155697826,105.59569656758616,356,1.4773906945028037,Sample_Category
Nuclear Recoil,8.444331580143569,18.998070812983123,413.2617923875922,357,1.3375157310442345,Sample_Category
Electronic Recoil,16.361330565188645,30.38762444523733,3212.3012497828377,358,2.024119502115541,Sample_Category
Nuclear Recoil,3.0484629848581117,6.314919643574387,156.13106452517158,359,1.3931214262210605,Sample_Category
Electronic Recoil,7.665315350783828,10.992921382983912,1531.595281189737,360,2.1440308583244865,Sample_Category
Nuclear Recoil,2.61606659194494,5.197525847550352,130.709981833802,361,1.400512016284836,Sample_Category
Electronic Recoil,19.393364588747463,33.83604397502482,3814.706335363856,362,2.052081517175598,Sample_Category
Electronic Recoil,17.2062515528432,27.978583513317524,3439.3325447801585,363,2.0896484303948197,Sample_Category
Electronic Recoil,16.586456694911195,23.611506019268457,3321.0244251405616,364,2.1481483627653244,Sample_Category
Electronic Recoil,13.135092751342146,28.06491169039085,2628.958794708137,365,1.971620083886928,Sample_Category
Electronic Recoil,38.65217168051741,60.96940119966661,7632.197839021642,366,2.0975376827019123,Sample_Category
Electronic Recoil,21.44039250731742,35.358000467190124,4228.350041907692,367,2.0776832235844616,Sample_Category
Electronic Recoil,30.01450455950445,46.26646982220302,6000.538139494786,368,2.112923827496172,Sample_Category
Nuclear Recoil,14.652014235976209,31.362251548271985,727.7104185737854,369,1.36555134561978,Sample_Category
Electronic Recoil,38.04821941673651,62.10620000960628,7631.618990590135,370,2.089481715509152,Sample_Category
Electronic Recoil,22.45743711474468,35.18064632060836,4444.921302543369,371,2.101560250103333,Sample_Category
Nuclear Recoil,4.514579477445824,9.428072601579204,213.22533163093607,372,1.3544158363345566,Sample_Category
Electronic Recoil,24.04265166754737,34.22317147574946,4803.491581555565,373,2.1472367679851767,Sample_Category
Electronic Recoil,46.97388876593949,74.10749259835075,9386.687155657612,374,2.1026502185927085,Sample_Category
Electronic Recoil,19.75503166922177,34.43503464061551,3938.0489587457328,375,2.0582805743757,Sample_Category
Electronic Recoil,29.23942655607306,46.67274171671961,5777.577032682819,376,2.092682421846808,Sample_Category
Electronic Recoil,37.43123769214882,55.12147203693024,7566.773410189087,377,2.137589914202385,Sample_Category
Electronic Recoil,31.071323464666925,51.37159196948193,6125.458467968721,378,2.076415566796572,Sample_Category
Electronic Recoil,45.370097732156246,62.003061931841714,8972.084100137301,379,2.160480191813368,Sample_Category
Electronic Recoil,27.82193073718444,42.63708140451674,5596.450508877644,380,2.118125188716574,Sample_Category
Electronic Recoil,27.5004283328052,44.34925261192909,5439.74353700717,381,2.088692109795893,Sample_Category
Electronic Recoil,36.28374303127195,59.021350034352125,7310.493193700708,382,2.0929375306241,Sample_Category
Electronic Recoil,37.92891281669848,62.83605619607607,7519.308387448992,383,2.0779689705150988,Sample_Category
Electronic Recoil,36.09176481229092,55.459482971408825,7204.750509020725,384,2.113643122105233,Sample_Category
Electronic Recoil,25.149892177071536,42.14896563950396,4957.9061588553295,385,2.0705113709030663,Sample_Category
Electronic Recoil,7.500232654100712,10.501897485106976,1514.1612255180848,386,2.158904304975505,Sample_Category
Nuclear Recoil,6.132156667790847,14.516096939536371,289.4742153927782,387,1.299759997262379,Sample_Category
Electronic Recoil,30.86212303809058,50.53181717199685,6212.376936198969,388,2.0896928740051823,Sample_Category
Electronic Recoil,16.601932401202014,24.631335966533864,3308.456735882139,389,2.128137474366244,Sample_Category
Electronic Recoil,28.708076257145866,44.751403480334645,5730.2048245607375,390,2.1073634762690774,Sample_Category
Nuclear Recoil,7.344292551411446,14.080906072872146,353.32885728883167,391,1.3995484777082206,Sample_Category
Electronic Recoil,18.87062557335435,27.079442523827428,3768.176309250386,392,2.1434914794659434,Sample_Category
Electronic Recoil,44.25118963565396,67.2994532824057,8834.909492855724,393,2.1181905622548665,Sample_Category
Electronic Recoil,10.080297681717289,15.13548573805571,2033.8607438708368,394,2.1283248222927047,Sample_Category
Nuclear Recoil,4.121307306544445,9.64615696633766,193.48763485129507,395,1.3022988484870084,Sample_Category
Electronic Recoil,27.664952499812955,40.4511181459079,5476.374790042855,396,2.131562621061278,Sample_Category
Electronic Recoil,22.37288464482846,33.986990175828744,4381.458924870387,397,2.1103060259819406,Sample_Category
Electronic Recoil,6.582240905963001,10.420527028192758,1304.7169918029442,398,2.0976265926717814,Sample_Category
Electronic Recoil,7.693554237627758,13.807546631049398,1489.828572780874,399,2.0330197493991933,Sample_Category
Electronic Recoil,16.9794663227858,24.385543789611575,3361.438672101939,400,2.1393927298204445,Sample_Category
Nuclear Recoil,2.0892417229967,3.784568666070837,98.04322945241962,401,1.413401108393273,Sample_Category
Electronic Recoil,9.980490992592037,14.067293701899391,2021.7202509412984,402,2.1575104757418044,Sample_Category
Electronic Recoil,37.98802260342488,60.71389333394072,7554.016830670451,403,2.0948898577267063,Sample_Category
Electronic Recoil,28.676090759640907,38.52793357206415,5694.995318976055,404,2.1697176437957237,Sample_Category
Electronic Recoil,5.8644312461165455,10.578716317905956,1125.333360426769,405,2.0268481819085404,Sample_Category
Electronic Recoil,42.02933822340397,60.8685159421188,8365.458589830201,406,2.138097033465022,Sample_Category
Electronic Recoil,45.00482989547387,74.30148482644906,9032.681241665754,407,2.0848191859894736,Sample_Category
Nuclear Recoil,11.29581345020796,22.145733457450813,594.2019686124451,408,1.4286439989123827,Sample_Category
Electronic Recoil,42.48951090509453,61.96453623135379,8583.336401500068,409,2.141512923338764,Sample_Category
Electronic Recoil,9.876306591643376,11.109056110331291,1970.09445879532,410,2.248809850276236,Sample_Category
Nuclear Recoil,20.55241855557658,42.37068823998502,1028.5141711562644,411,1.385144751639593,Sample_Category
Nuclear Recoil,7.017197894740938,12.197247381211463,349.24806687773736,412,1.4568721444204096,Sample_Category
Electronic Recoil,22.0888633738797,25.24339206491869,4472.971940379982,413,2.248448444138972,Sample_Category
Nuclear Recoil,8.014060292853394,14.542223185062364,412.23346636461343,414,1.452512411765856,Sample_Category
Nuclear Recoil,5.8102134296470735,11.141938152780371,305.3114099832949,415,1.437782253909352,Sample_Category
Electronic Recoil,28.490945232639344,41.99932989206794,5651.452515476459,416,2.1289177114724254,Sample_Category
Nuclear Recoil,3.948030202995519,7.83634153081737,196.83865331487408,417,1.3999969763362214,Sample_Category
Electronic Recoil,39.17187257446222,58.09985628519435,7905.47620608325,418,2.1337529703195366,Sample_Category
Electronic Recoil,10.464950246339004,15.605865331393233,2102.8991451222983,419,2.129530561921255,Sample_Category
Nuclear Recoil,2.7546494914114024,4.487939593988989,136.44026953785226,420,1.4828954722551273,Sample_Category
Electronic Recoil,9.476809325532455,16.794369058030497,1865.049968184528,421,2.0455267536154365,Sample_Category
Electronic Recoil,28.611495290177995,39.41282551521701,5688.639935666818,422,2.1593708642224514,Sample_Category
Nuclear Recoil,8.448676066465246,18.3728356028763,416.57835992317007,423,1.355520494165373,Sample_Category
Electronic Recoil,33.8033029431641,51.169022689505184,6705.672689678923,424,2.117435220678764,Sample_Category
Electronic Recoil,11.583879033830902,17.817383041427313,2264.683707236472,425,2.104163614843374,Sample_Category
Electronic Recoil,12.017728114323486,25.16422029400631,2362.462735016332,426,1.972581471237817,Sample_Category
Electronic Recoil,21.434558076524915,34.734672506298324,4350.243417851648,427,2.097750337665898,Sample_Category
Electronic Recoil,16.297213800637902,21.089992766372163,3287.981645863002,428,2.192852933318835,Sample_Category
Electronic Recoil,29.820219088775502,44.383042286732255,6083.595982105749,429,2.1369432865480635,Sample_Category
Electronic Recoil,6.2619766573997016,9.1044602591852,1266.3032764408283,430,2.143283478651436,Sample_Category
Electronic Recoil,21.936165672709848,31.76081385856813,4396.311261014652,431,2.1411967970035586,Sample_Category
Electronic Recoil,31.109272682914717,37.76796158179796,6257.685972314987,432,2.219290208198434,Sample_Category
Nuclear Recoil,20.72950583639586,39.14614205300256,1048.7587653601652,433,1.4279866252054578,Sample_Category
Electronic Recoil,20.503488188371136,28.95712822654786,4083.738660698477,434,2.149302437438414,Sample_Category
Electronic Recoil,8.665454710160455,13.14501240895961,1751.3041011277885,435,2.124600531477338,Sample_Category
Electronic Recoil,8.694804277775388,10.77832755371302,1695.8370072679538,436,2.1968326906682565,Sample_Category
Electronic Recoil,28.3790430397416,44.18519451698171,5683.42348501525,437,2.109333236549923,Sample_Category
Electronic Recoil,24.327574748362103,36.15966448025644,4891.273908240356,438,2.131197579723477,Sample_Category
Electronic Recoil,6.756336520461336,10.552041502527215,1334.4704431159046,439,2.101972427630484,Sample_Category
Electronic Recoil,20.901164568639626,31.438784483691503,4198.970557372926,440,2.125677069138549,Sample_Category
Electronic Recoil,19.175192835983218,34.3528506677821,3841.294642111852,441,2.0485148264655444,Sample_Category
Electronic Recoil,20.94958910205402,33.73764199411906,4209.105462551819,442,2.0960750692995225,Sample_Category
Electronic Recoil,30.574841086841275,42.0302647224801,6155.60917544792,443,2.16570890270352,Sample_Category
Electronic Recoil,49.08707989275288,75.30507296391352,9725.632202756393,444,2.111093602320141,Sample_Category
Electronic Recoil,41.77605660344325,61.688602195708825,8451.310140924146,445,2.1367191028170525,Sample_Category
Electronic Recoil,4.382096962777718,9.160160698516052,830.8250212871724,446,1.9576064278192828,Sample_Category
Electronic Recoil,48.608287282558656,69.49968029097815,9716.775883462831,447,2.1455393729045946,Sample_Category
Electronic Recoil,5.454701038062343,6.07301177348547,1111.5864804775335,448,2.262539061895855,Sample_Category
Electronic Recoil,26.10376813274723,42.52196904639128,5137.150593813148,449,2.082108919973065,Sample_Category
Electronic Recoil,15.678658265819111,26.957702488055283,3135.8988912928976,450,2.065679159576977,Sample_Category
Electronic Recoil,36.381992444348754,58.44454266891724,7188.873878601945,451,2.0899168924484472,Sample_Category
Electronic Recoil,7.80058883806174,11.06951445860114,1577.1793070281494,452,2.153752459566849,Sample_Category
Electronic Recoil,26.688073090912606,35.85596921473419,5413.986078816415,453,2.1789556563723957,Sample_Category
Electronic Recoil,38.310387392930735,53.04988223799972,7686.715745957449,454,2.161056388889897,Sample_Category
Electronic Recoil,20.853462424273395,26.38123521150582,4111.701375456149,455,2.1927264228006003,Sample_Category
Electronic Recoil,40.14779497565517,65.5118666168457,8022.015110768361,456,2.08796349525923,Sample_Category
Electronic Recoil,23.379402487261544,37.656809360923646,4725.58044474943,457,2.0986116295022788,Sample_Category
Electronic Recoil,34.94435922713504,47.18229855082416,6987.447317988485,458,2.170539443071334,Sample_Category
Electronic Recoil,39.32242321579175,62.81450174545324,7900.9875097333,459,2.099621449153722,Sample_Category
Electronic Recoil,46.63875163467439,68.9448111947529,9238.09721317892,460,2.127080935174422,Sample_Category
Electronic Recoil,5.6807440154929,10.204991734297472,1119.9939949195998,461,2.040402994658866,Sample_Category
Electronic Recoil,6.488836406068087,7.517513862188643,1336.048888197436,462,2.2497480549182,Sample_Category
Electronic Recoil,9.185794095171186,15.440713126871682,1821.544805205643,463,2.071772476037555,Sample_Category
Electronic Recoil,17.413864896287468,27.70331400429567,3449.701140473711,464,2.09524973214432,Sample_Category
Electronic Recoil,22.55841386422936,38.74047916070954,4428.860823606402,465,2.0581270337600577,Sample_Category
Electronic Recoil,38.1131754415982,54.99951564208151,7523.66780424178,466,2.136070739011237,Sample_Category
Electronic Recoil,24.4462131520848,36.150588046876656,4821.280953334958,467,2.1250470620150086,Sample_Category
Nuclear Recoil,3.7126410282413698,7.065914337900542,190.2578555551536,468,1.4301741701591473,Sample_Category
Electronic Recoil,13.81246557454992,23.88083287707346,2772.0480132095568,469,2.0647512608235794,Sample_Category
Nuclear Recoil,6.6945787920443145,11.32922198101102,336.9937951659549,470,1.4734217812337091,Sample_Category
Electronic Recoil,32.26271180227966,44.30952493109939,6453.337622361061,471,2.163287283434375,Sample_Category
Electronic Recoil,37.55620886295992,52.99012321400852,7526.721673357752,472,2.152410919299907,Sample_Category
Electronic Recoil,18.60206877482799,31.782101828426324,3734.232766596782,473,2.0700187570822437,Sample_Category
Electronic Recoil,25.48457105708819,39.50064117944993,5119.310656807728,474,2.1126073286674822,Sample_Category
Electronic Recoil,42.71873783976742,73.70741385185764,8532.150900023616,475,2.063547348439461,Sample_Category
Nuclear Recoil,3.9453028784735897,7.492041237186751,203.0597911098025,476,1.433023720131288,Sample_Category
Electronic Recoil,45.768608706755,67.06660026320478,9092.421336778234,477,2.1321732543457106,Sample_Category
Electronic Recoil,24.521906456314163,33.736640793433,4971.262259384929,478,2.1683648251314733,Sample_Category
Electronic Recoil,14.120843971470633,24.969356947698856,2748.1001360785085,479,2.0416251785670108,Sample_Category
Electronic Recoil,41.24114202027624,57.16600508300038,8254.162832876274,480,2.1595351809799985,Sample_Category
Electronic Recoil,42.61099653096628,66.00733744506752,8496.517386630605,481,2.109648729070365,Sample_Category
Electronic Recoil,36.9365650634853,63.24958328731476,7388.721760168689,482,2.0675116371135,Sample_Category
Electronic Recoil,26.48028700141313,30.45357188557269,5295.795468196588,483,2.2402929512944447,Sample_Category
Electronic Recoil,29.05339269430403,39.88082837101352,5867.090422062603,484,2.1676586001521647,Sample_Category
Electronic Recoil,19.53615274820917,28.478973216397357,3933.0083154581394,485,2.1402005223364977,Sample_Category
Electronic Recoil,40.39780616204102,63.41475311185085,8135.859361762605,486,2.10821311989104,Sample_Category
Nuclear Recoil,2.011960610669253,2.6078016306678893,105.17849497202236,487,1.6056522371181337,Sample_Category
Electronic Recoil,25.65042743890464,42.8115422120724,5107.557838890148,488,2.0766524104738973,Sample_Category
Nuclear Recoil,15.151464180265124,29.76080755263449,758.2706717164165,489,1.4061795331979132,Sample_Category
Electronic Recoil,11.312961739412554,17.032907339202968,2236.008171998873,490,2.1181845773244143,Sample_Category
Electronic Recoil,42.89241319870639,64.88328798772065,8631.777417342875,491,2.12396737646017,Sample_Category
Electronic Recoil,29.55451301129448,45.89144251604512,5832.977327416351,492,2.104158569770968,Sample_Category
Electronic Recoil,8.315663743765716,11.52155494087091,1643.7485681418657,493,2.154324254975707,Sample_Category
Electronic Recoil,47.74797003531752,66.84369994348305,9631.735701669686,494,2.1586440694003173,Sample_Category
Electronic Recoil,8.306504112230776,11.517838116904665,1668.516600652716,495,2.160959524281047,Sample_Category
Electronic Recoil,32.60004165604808,46.32967743600877,6539.794322017705,496,2.1497048040754168,Sample_Category
Electronic Recoil,17.36924118235728,25.91443711620688,3481.6499620659324,497,2.1282433092375848,Sample_Category
Electronic Recoil,23.041029847414745,39.76801648080136,4677.99728822122,498,2.0705260247772306,Sample_Category
Nuclear Recoil,3.787343019749161,7.629348165981512,190.2721447256692,499,1.3968877244674276,Sample_Category
